﻿{"cameraMode":{"drawMode":0,"name":"Shaded","section":"Shading Mode"},"sceneLighting":true,"audioPlay":false,"sceneViewState":{"showFog":true,"showMaterialUpdate":false,"showSkybox":true,"showFlares":true,"showImageEffects":true,"showParticleSystems":true},"in2DMode":false,"pivot":{"x":-2.147664785385132,"y":-0.7039927244186401,"z":2.201993942260742},"rotation":{"x":-0.22101914882659913,"y":0.2749927043914795,"z":-0.06511352211236954,"w":-0.9334291219711304},"size":9.026579856872559,"orthographic":false}